,Country Code,Country Name,2019,2019 AID,Per Capita
0,ABW,Aruba,106314,,$0.00
1,AFG,Afghanistan,38041754,1306748064,$34.35
2,AGO,Angola,31825295,62478046,$1.96
3,ALB,Albania,2854191,13397587,$4.69
4,AND,Andorra,77142,,$0.00
5,ARB,Arab World,427870270,,$0.00
6,ARE,United Arab Emirates,9770529,,$0.00
7,ARG,Argentina,44938712,668956,$0.01
8,ARM,Armenia,2957731,21011799,$7.10
9,ASM,American Samoa,55312,,$0.00
10,ATG,Antigua and Barbuda,97118,,$0.00
11,AUS,Australia,25364307,,$0.00
12,AUT,Austria,8877067,,$0.00
13,AZE,Azerbaijan,10023318,8341446,$0.83
14,BDI,Burundi,11530580,44579914,$3.87
15,BEL,Belgium,11484055,,$0.00
16,BEN,Benin,11801151,49608215,$4.20
17,BFA,Burkina Faso,20321378,79928341,$3.93
18,BGD,Bangladesh,163046161,259652215,$1.59
19,BGR,Bulgaria,6975761,160915,$0.02
20,BHR,Bahrain,1641172,,$0.00
21,BHS,"Bahamas, The",389482,149886,$0.38
22,BIH,Bosnia and Herzegovina,3301000,38632899,$11.70
23,BLR,Belarus,9466856,7878594,$0.83
24,BLZ,Belize,390353,-184997,-$0.47
25,BMU,Bermuda,63918,,$0.00
26,BOL,Bolivia,11513100,-84449,-$0.01
27,BRA,Brazil,211049527,37952647,$0.18
28,BRB,Barbados,287025,0,$0.00
29,BRN,Brunei Darussalam,433285,,$0.00
30,BTN,Bhutan,763092,,$0.00
31,BWA,Botswana,2303697,29299050,$12.72
32,CAF,Central African Republic,4745185,21359018,$4.50
33,CAN,Canada,37589262,10785716,$0.29
34,CEB,Central Europe and the Baltics,102378579,,$0.00
35,CHE,Switzerland,8574832,,$0.00
36,CHI,Channel Islands,172259,,$0.00
37,CHL,Chile,18952038,4868611,$0.26
38,CHN,China,1397715000,16504201,$0.01
39,CIV,Cote d'Ivoire,25716544,64959096,$2.53
40,CMR,Cameroon,25876380,50144896,$1.94
41,COD,"Congo, Dem. Rep.",86790567,402717515,$4.64
42,COG,"Congo, Rep.",5380508,537836,$0.10
43,COL,Colombia,50339443,320498281,$6.37
44,COM,Comoros,850886,,$0.00
45,CPV,Cabo Verde,549935,0,$0.00
46,CRI,Costa Rica,5047561,1562497,$0.31
47,CSS,Caribbean small states,7401381,,$0.00
48,CUB,Cuba,11333483,1883238,$0.17
49,CUW,Curacao,157538,,$0.00
50,CYM,Cayman Islands,64948,,$0.00
51,CYP,Cyprus,1198575,49009,$0.04
52,CZE,Czech Republic,10669709,319299,$0.03
53,DEU,Germany,83132799,,$0.00
54,DJI,Djibouti,973560,8348881,$8.58
55,DMA,Dominica,71808,1382986,$19.26
56,DNK,Denmark,5818553,,$0.00
57,DOM,Dominican Republic,10738958,45854668,$4.27
58,DZA,Algeria,43053054,-4924,$0.00
59,EAP,East Asia & Pacific (excluding high income),2093675040,,$0.00
60,EAR,Early-demographic dividend,3290290622,,$0.00
61,EAS,East Asia & Pacific,2340628292,,$0.00
62,ECA,Europe & Central Asia (excluding high income),399404587,,$0.00
63,ECS,Europe & Central Asia,921140092,,$0.00
64,ECU,Ecuador,17373662,5073627,$0.29
65,EGY,"Egypt, Arab Rep.",100388073,183037035,$1.82
66,EMU,Euro area,342597698,,$0.00
67,ERI,Eritrea,,,#DIV/0!
68,ESP,Spain,47076781,-108994,$0.00
69,EST,Estonia,1326590,,$0.00
70,ETH,Ethiopia,112078730,733982969,$6.55
71,EUU,European Union,447512041,,$0.00
72,FCS,Fragile and conflict affected situations,798138587,,$0.00
73,FIN,Finland,5520314,,$0.00
74,FJI,Fiji,889953,551515,$0.62
75,FRA,France,67059887,,$0.00
76,FRO,Faroe Islands,48678,,$0.00
77,FSM,"Micronesia, Fed. Sts.",113815,6226889,$54.71
78,GAB,Gabon,2172579,-5581503,-$2.57
79,GBR,United Kingdom,66834405,,$0.00
80,GEO,Georgia,3720382,58169768,$15.64
81,GHA,Ghana,30417856,221028582,$7.27
82,GIB,Gibraltar,33701,,$0.00
83,GIN,Guinea,12771246,65100235,$5.10
84,GMB,"Gambia, The",2347706,-366,$0.00
85,GNB,Guinea-Bissau,1920922,224460,$0.12
86,GNQ,Equatorial Guinea,1355986,-119588,-$0.09
87,GRC,Greece,10716322,,$0.00
88,GRD,Grenada,112003,,$0.00
89,GRL,Greenland,56225,,$0.00
90,GTM,Guatemala,16604026,175105544,$10.55
91,GUM,Guam,167294,,$0.00
92,GUY,Guyana,782766,106722,$0.14
93,HIC,High income,1235852827,,$0.00
94,HKG,"Hong Kong SAR, China",7507400,100262,$0.01
95,HND,Honduras,9746117,133862883,$13.73
96,HPC,Heavily indebted poor countries (HIPC),801708035,,$0.00
97,HRV,Croatia,4067500,2169609,$0.53
98,HTI,Haiti,11263077,256448767,$22.77
99,HUN,Hungary,9769949,,$0.00
100,IBD,IBRD only,4816235951,,$0.00
101,IBT,IDA & IBRD total,6486934851,,$0.00
102,IDA,IDA total,1670698900,,$0.00
103,IDB,IDA blend,561572202,,$0.00
104,IDN,Indonesia,270625568,196210545,$0.73
105,IDX,IDA only,1109126698,,$0.00
106,IMN,Isle of Man,84584,,$0.00
107,IND,India,1366417754,94779993,$0.07
108,INX,Not classified,,,#DIV/0!
109,IRL,Ireland,4941444,1500000,$0.30
110,IRN,"Iran, Islamic Rep.",82913906,,$0.00
111,IRQ,Iraq,39309783,441129051,$11.22
112,ISL,Iceland,361313,,$0.00
113,ISR,Israel,9053300,3130611,$0.35
114,ITA,Italy,60297396,,$0.00
115,JAM,Jamaica,2948279,17850440,$6.05
116,JOR,Jordan,10101694,276830804,$27.40
117,JPN,Japan,126264931,,$0.00
118,KAZ,Kazakhstan,18513930,10812057,$0.58
119,KEN,Kenya,52573973,865455888,$16.46
120,KGZ,Kyrgyz Republic,6456900,33737491,$5.23
121,KHM,Cambodia,16486542,74473505,$4.52
122,KIR,Kiribati,117606,,$0.00
123,KNA,St. Kitts and Nevis,52823,,$0.00
124,KOR,"Korea, Rep.",51709098,,$0.00
125,KWT,Kuwait,4207083,,$0.00
126,LAC,Latin America & Caribbean (excluding high income),613773128,,$0.00
127,LAO,Lao PDR,7169455,53106156,$7.41
128,LBN,Lebanon,6855713,187510109,$27.35
129,LBR,Liberia,4937374,181334046,$36.73
130,LBY,Libya,6777452,74020322,$10.92
131,LCA,St. Lucia,182790,,$0.00
132,LCN,Latin America & Caribbean,646430841,,$0.00
133,LDC,Least developed countries: UN classification,1033388876,,$0.00
134,LIC,Low income,668454965,,$0.00
135,LIE,Liechtenstein,38019,,$0.00
136,LKA,Sri Lanka,21803000,39827694,$1.83
137,LMC,Lower middle income,2913363391,,$0.00
138,LMY,Low & middle income,6437681145,,$0.00
139,LSO,Lesotho,2125268,84953995,$39.97
140,LTE,Late-demographic dividend,2298470832,,$0.00
141,LTU,Lithuania,2786844,,$0.00
142,LUX,Luxembourg,619896,,$0.00
143,LVA,Latvia,1912789,,$0.00
144,MAC,"Macao SAR, China",640445,,$0.00
145,MAF,St. Martin (French part),38002,,$0.00
146,MAR,Morocco,36471769,28602830,$0.78
147,MCO,Monaco,38964,,$0.00
148,MDA,Moldova,2657637,48114476,$18.10
149,MDG,Madagascar,26969307,79957746,$2.96
150,MDV,Maldives,530953,,$0.00
151,MEA,Middle East & North Africa,456707404,,$0.00
152,MEX,Mexico,127575529,69839407,$0.55
153,MHL,Marshall Islands,58791,1204877,$20.49
154,MIC,Middle income,5769226180,,$0.00
155,MKD,North Macedonia,2083459,,$0.00
156,MLI,Mali,19658031,228241497,$11.61
157,MLT,Malta,502653,,$0.00
158,MMR,Myanmar,54045420,122959504,$2.28
159,MNA,Middle East & North Africa (excluding high income),389457086,,$0.00
160,MNE,Montenegro,622137,726240,$1.17
161,MNG,Mongolia,3225167,2411326,$0.75
162,MNP,Northern Mariana Islands,57216,,$0.00
163,MOZ,Mozambique,30366036,409301241,$13.48
164,MRT,Mauritania,4525696,1601701,$0.35
165,MUS,Mauritius,1265711,,$0.00
166,MWI,Malawi,18628747,366778183,$19.69
167,MYS,Malaysia,31949777,12700157,$0.40
168,NAC,North America,365892703,,$0.00
169,NAM,Namibia,2494530,34603933,$13.87
170,NCL,New Caledonia,287800,,$0.00
171,NER,Niger,23310715,48988115,$2.10
172,NGA,Nigeria,200963599,570196584,$2.84
173,NIC,Nicaragua,6545502,37633082,$5.75
174,NLD,Netherlands,17332850,,$0.00
175,NOR,Norway,5347896,,$0.00
176,NPL,Nepal,28608710,187529490,$6.55
177,NRU,Nauru,12581,,$0.00
178,NZL,New Zealand,4917000,,$0.00
179,OED,OECD members,1359963500,,$0.00
180,OMN,Oman,4974986,0,$0.00
181,OSS,Other small states,31360407,,$0.00
182,PAK,Pakistan,216565318,388709067,$1.79
183,PAN,Panama,4246439,84336,$0.02
184,PER,Peru,32510453,54311114,$1.67
185,PHL,Philippines,108116615,93502154,$0.86
186,PLW,Palau,18008,190898,$10.60
187,PNG,Papua New Guinea,8776109,1801224,$0.21
188,POL,Poland,37970874,,$0.00
189,PRE,Pre-demographic dividend,944902749,,$0.00
190,PRI,Puerto Rico,3193694,,$0.00
191,PRK,"Korea, Dem. People’s Rep.",25666161,,$0.00
192,PRT,Portugal,10269417,0,$0.00
193,PRY,Paraguay,7044636,9356592,$1.33
194,PSE,West Bank and Gaza,4685306,66991260,$14.30
195,PSS,Pacific island small states,2493696,,$0.00
196,PST,Post-demographic dividend,1112914457,,$0.00
197,PYF,French Polynesia,279287,,$0.00
198,QAT,Qatar,2832067,,$0.00
199,ROU,Romania,19356544,,$0.00
200,RUS,Russian Federation,144373535,-93769,$0.00
201,RWA,Rwanda,12626950,236394796,$18.72
202,SAS,South Asia,1835776742,,$0.00
203,SAU,Saudi Arabia,34268528,,$0.00
204,SDN,Sudan,42813238,,$0.00
205,SEN,Senegal,16296364,216797756,$13.30
206,SGP,Singapore,5703569,,$0.00
207,SLB,Solomon Islands,669823,208756,$0.31
208,SLE,Sierra Leone,7813215,45630347,$5.84
209,SLV,El Salvador,6453553,113103350,$17.53
210,SMR,San Marino,33860,,$0.00
211,SOM,Somalia,15442905,121365307,$7.86
212,SRB,Serbia,6944975,18323941,$2.64
213,SSA,Sub-Saharan Africa (excluding high income),1105594562,,$0.00
214,SSD,South Sudan,11062113,,$0.00
215,SSF,Sub-Saharan Africa,1106957898,,$0.00
216,SST,Small states,41255484,,$0.00
217,STP,Sao Tome and Principe,215056,,$0.00
218,SUR,Suriname,581372,,$0.00
219,SVK,Slovak Republic,5454073,,$0.00
220,SVN,Slovenia,2087946,300000,$0.14
221,SWE,Sweden,10285453,,$0.00
222,SWZ,Eswatini,1148130,,$0.00
223,SXM,Sint Maarten (Dutch part),40733,,$0.00
224,SYC,Seychelles,97625,,$0.00
225,SYR,Syrian Arab Republic,17070135,341223804,$19.99
226,TCA,Turks and Caicos Islands,38191,,$0.00
227,TCD,Chad,15946876,5052046,$0.32
228,TEA,East Asia & Pacific (IDA & IBRD countries),2067984156,,$0.00
229,TEC,Europe & Central Asia (IDA & IBRD countries),460799505,,$0.00
230,TGO,Togo,8082366,11878,$0.00
231,THA,Thailand,69625582,6219273,$0.09
232,TJK,Tajikistan,9321018,37682184,$4.04
233,TKM,Turkmenistan,5942089,3452677,$0.58
234,TLA,Latin America & the Caribbean (IDA & IBRD countries),630644770,,$0.00
235,TLS,Timor-Leste,1293119,22079333,$17.07
236,TMN,Middle East & North Africa (IDA & IBRD countries),384771780,,$0.00
237,TON,Tonga,104494,-33535,-$0.32
238,TSA,South Asia (IDA & IBRD),1835776742,,$0.00
239,TSS,Sub-Saharan Africa (IDA & IBRD countries),1106957898,,$0.00
240,TTO,Trinidad and Tobago,1394973,,$0.00
241,TUN,Tunisia,11694719,93787309,$8.02
242,TUR,Turkey,83429615,3827964,$0.05
243,TUV,Tuvalu,11646,,$0.00
244,TZA,Tanzania,58005463,594488462,$10.25
245,UGA,Uganda,44269594,589995431,$13.33
246,UKR,Ukraine,44385155,184166193,$4.15
247,UMC,Upper middle income,2855862789,,$0.00
248,URY,Uruguay,3461734,,$0.00
249,USA,United States,328239523,,$0.00
250,UZB,Uzbekistan,33580650,19870464,$0.59
251,VCT,St. Vincent and the Grenadines,110589,,$0.00
252,VEN,"Venezuela, RB",28515829,22218244,$0.78
253,VGB,British Virgin Islands,30030,,$0.00
254,VIR,Virgin Islands (U.S.),106631,,$0.00
255,VNM,Vietnam,96462106,143249161,$1.49
256,VUT,Vanuatu,299882,209845,$0.70
257,WLD,World,7673533972,,$0.00
258,WSM,Samoa,197097,,$0.00
259,XKX,Kosovo,1794248,,$0.00
260,YEM,"Yemen, Rep.",29161922,141868903,$4.86
261,ZAF,South Africa,58558270,208630779,$3.56
262,ZMB,Zambia,17861030,405616253,$22.71
263,ZWE,Zimbabwe,14645468,206834109,$14.12